{
  "prompt": "A cat walking on the beach",
  "max_length": 256,
  "raw_tokens": [
    2,
    236776,
    5866,
    9378,
    580,
    506,
    7642
  ],
  "pad_token_id": 106,
  "padding_needed": 249,
  "padded_last_10": [
    106,
    106,
    106,
    2,
    236776,
    5866,
    9378,
    580,
    506,
    7642
  ],
  "hidden_states_count": 49,
  "last_hidden_mean": 0.0260009765625,
  "last_hidden_std": 2.859375,
  "feature_extractor": {
    "shape": [
      1,
      256,
      3840
    ],
    "mean": -1.4458772056968883e-05,
    "std": 0.03039116971194744,
    "pos_0_first10": [
      0.0,
      0.0,
      0.0,
      0.0,
      0.0,
      0.0,
      0.0,
      0.0,
      0.0,
      0.0
    ],
    "pos_249_first10": [
      0.092201,
      0.497165,
      0.032953,
      -0.138612,
      -0.46761,
      -0.449596,
      0.112091,
      -0.274078,
      0.515522,
      -0.023056
    ],
    "pos_255_first10": [
      -0.056651,
      -0.033783,
      -0.057861,
      -0.089939,
      -0.114295,
      -0.086155,
      0.137716,
      -0.074502,
      0.096652,
      -0.298077
    ]
  },
  "connector_output": {
    "shape": [
      1,
      256,
      3840
    ],
    "mean": 0.0038447848055511713,
    "std": 0.9999926090240479,
    "pos_0_first10": [
      -0.270035,
      0.370518,
      -0.011325,
      -0.119776,
      -0.085826,
      0.223223,
      0.588483,
      -0.266919,
      0.42129,
      -0.440615
    ],
    "pos_249_first10": [
      0.230869,
      0.793033,
      -0.835219,
      0.243747,
      -0.588187,
      -0.732636,
      1.009665,
      -0.021219,
      0.172631,
      -0.34738
    ],
    "pos_255_first10": [
      0.287262,
      0.453594,
      -0.212429,
      -0.006651,
      -0.318773,
      -0.134686,
      0.400365,
      0.196031,
      0.058492,
      0.015971
    ],
    "mask_sum": 256
  },
  "layer_stats": {
    "layer_0": {
      "mean": -0.011353,
      "rms": 0.976562
    },
    "layer_1": {
      "mean": 0.365234,
      "rms": 16.75
    },
    "layer_24": {
      "mean": 16.0,
      "rms": 1032.0
    },
    "layer_47": {
      "mean": 43.25,
      "rms": 2704.0
    },
    "layer_48": {
      "mean": 0.026001,
      "rms": 2.859375
    }
  }
}