{
  "prompt": "A cat walking on the beach",
  "max_length": 256,
  "raw_tokens": [
    2,
    236776,
    5866,
    9378,
    580,
    506,
    7642
  ],
  "pad_token_id": 106,
  "padding_needed": 249,
  "hidden_states_count": 49,
  "last_hidden_shape": [
    1,
    256,
    3840
  ],
  "last_hidden_dtype": "mlx.core.bfloat16",
  "last_hidden_mean": 0.0260009765625,
  "last_hidden_std": 2.859375,
  "feature_output_shape": [
    1,
    256,
    3840
  ],
  "feature_output_mean": 1.8253740563523024e-05,
  "feature_output_std": 0.006478971801698208,
  "sample_values": {
    "pos_0_first10": [
      2.71875,
      0.110352,
      1.757812,
      4.21875,
      -0.65625,
      -1.5625,
      2.078125,
      -0.960938,
      4.375,
      -2.4375
    ],
    "pos_249_first10": [
      1.734375,
      -1.53125,
      0.490234,
      -0.480469,
      -0.03125,
      0.138672,
      -0.609375,
      1.835938,
      0.902344,
      -0.369141
    ],
    "pos_255_first10": [
      2.125,
      -0.574219,
      1.28125,
      2.65625,
      -1.992188,
      0.34375,
      -5.9375,
      0.458984,
      2.0,
      0.382812
    ]
  },
  "layer_stats": {
    "layer_0": {
      "mean": -0.011353,
      "rms": 0.976562
    },
    "layer_1": {
      "mean": 0.365234,
      "rms": 16.75
    },
    "layer_2": {
      "mean": 0.404297,
      "rms": 19.0
    },
    "layer_3": {
      "mean": 0.570312,
      "rms": 44.0
    },
    "layer_4": {
      "mean": 0.527344,
      "rms": 44.5
    },
    "layer_5": {
      "mean": 0.675781,
      "rms": 55.25
    },
    "layer_6": {
      "mean": 0.605469,
      "rms": 60.75
    },
    "layer_7": {
      "mean": 0.462891,
      "rms": 82.5
    },
    "layer_8": {
      "mean": 0.734375,
      "rms": 94.5
    },
    "layer_9": {
      "mean": 1.140625,
      "rms": 134.0
    },
    "layer_10": {
      "mean": 1.171875,
      "rms": 158.0
    },
    "layer_11": {
      "mean": 1.710938,
      "rms": 189.0
    },
    "layer_12": {
      "mean": 1.773438,
      "rms": 227.0
    },
    "layer_13": {
      "mean": 1.882812,
      "rms": 268.0
    },
    "layer_14": {
      "mean": 2.890625,
      "rms": 308.0
    },
    "layer_15": {
      "mean": 3.40625,
      "rms": 332.0
    },
    "layer_16": {
      "mean": 4.1875,
      "rms": 388.0
    },
    "layer_17": {
      "mean": 5.65625,
      "rms": 460.0
    },
    "layer_18": {
      "mean": 6.09375,
      "rms": 484.0
    },
    "layer_19": {
      "mean": 6.65625,
      "rms": 528.0
    },
    "layer_20": {
      "mean": 6.375,
      "rms": 532.0
    },
    "layer_21": {
      "mean": 7.3125,
      "rms": 596.0
    },
    "layer_22": {
      "mean": 10.6875,
      "rms": 752.0
    },
    "layer_23": {
      "mean": 18.875,
      "rms": 1184.0
    },
    "layer_24": {
      "mean": 16.0,
      "rms": 1032.0
    },
    "layer_25": {
      "mean": 15.9375,
      "rms": 1024.0
    },
    "layer_26": {
      "mean": 15.0,
      "rms": 1016.0
    },
    "layer_27": {
      "mean": 14.6875,
      "rms": 1024.0
    },
    "layer_28": {
      "mean": 14.6875,
      "rms": 1064.0
    },
    "layer_29": {
      "mean": 16.5,
      "rms": 1192.0
    },
    "layer_30": {
      "mean": 13.75,
      "rms": 1184.0
    },
    "layer_31": {
      "mean": 11.4375,
      "rms": 1136.0
    },
    "layer_32": {
      "mean": 10.625,
      "rms": 1152.0
    },
    "layer_33": {
      "mean": 13.125,
      "rms": 1136.0
    },
    "layer_34": {
      "mean": 15.75,
      "rms": 1176.0
    },
    "layer_35": {
      "mean": 18.875,
      "rms": 1208.0
    },
    "layer_36": {
      "mean": 17.625,
      "rms": 1224.0
    },
    "layer_37": {
      "mean": 17.5,
      "rms": 1240.0
    },
    "layer_38": {
      "mean": 16.125,
      "rms": 1264.0
    },
    "layer_39": {
      "mean": 19.125,
      "rms": 1320.0
    },
    "layer_40": {
      "mean": 18.25,
      "rms": 1368.0
    },
    "layer_41": {
      "mean": 13.875,
      "rms": 1416.0
    },
    "layer_42": {
      "mean": 18.5,
      "rms": 1528.0
    },
    "layer_43": {
      "mean": 17.375,
      "rms": 1600.0
    },
    "layer_44": {
      "mean": 23.875,
      "rms": 1744.0
    },
    "layer_45": {
      "mean": 26.0,
      "rms": 1912.0
    },
    "layer_46": {
      "mean": 31.625,
      "rms": 2304.0
    },
    "layer_47": {
      "mean": 43.25,
      "rms": 2704.0
    },
    "layer_48": {
      "mean": 0.026001,
      "rms": 2.859375
    }
  }
}